{"class_name": "Model", "config": {"name": "model_1", "layers": [{"name": "main_input", "class_name": "InputLayer", "config": {"batch_input_shape": [null, 1, 24, 7], "dtype": "float32", "sparse": false, "name": "main_input"}, "inbound_nodes": []}, {"name": "conv2d_1", "class_name": "Conv2D", "config": {"name": "conv2d_1", "trainable": true, "filters": 10, "kernel_size": [1, 1], "strides": [1, 1], "padding": "same", "data_format": "channels_last", "dilation_rate": [1, 1], "activation": "linear", "use_bias": true, "kernel_initializer": {"class_name": "VarianceScaling", "config": {"scale": 1.0, "mode": "fan_avg", "distribution": "uniform", "seed": null}}, "bias_initializer": {"class_name": "Zeros", "config": {}}, "kernel_regularizer": null, "bias_regularizer": null, "activity_regularizer": null, "kernel_constraint": null, "bias_constraint": null}, "inbound_nodes": [[["main_input", 0, 0, {}]]]}, {"name": "conv2d_2", "class_name": "Conv2D", "config": {"name": "conv2d_2", "trainable": true, "filters": 10, "kernel_size": [1, 2], "strides": [1, 1], "padding": "same", "data_format": "channels_last", "dilation_rate": [1, 1], "activation": "linear", "use_bias": true, "kernel_initializer": {"class_name": "VarianceScaling", "config": {"scale": 1.0, "mode": "fan_avg", "distribution": "uniform", "seed": null}}, "bias_initializer": {"class_name": "Zeros", "config": {}}, "kernel_regularizer": null, "bias_regularizer": null, "activity_regularizer": null, "kernel_constraint": null, "bias_constraint": null}, "inbound_nodes": [[["main_input", 0, 0, {}]]]}, {"name": "conv2d_3", "class_name": "Conv2D", "config": {"name": "conv2d_3", "trainable": true, "filters": 10, "kernel_size": [1, 3], "strides": [1, 1], "padding": "same", "data_format": "channels_last", "dilation_rate": [1, 1], "activation": "linear", "use_bias": true, "kernel_initializer": {"class_name": "VarianceScaling", "config": {"scale": 1.0, "mode": "fan_avg", "distribution": "uniform", "seed": null}}, "bias_initializer": {"class_name": "Zeros", "config": {}}, "kernel_regularizer": null, "bias_regularizer": null, "activity_regularizer": null, "kernel_constraint": null, "bias_constraint": null}, "inbound_nodes": [[["main_input", 0, 0, {}]]]}, {"name": "conv2d_4", "class_name": "Conv2D", "config": {"name": "conv2d_4", "trainable": true, "filters": 10, "kernel_size": [1, 5], "strides": [1, 1], "padding": "same", "data_format": "channels_last", "dilation_rate": [1, 1], "activation": "linear", "use_bias": true, "kernel_initializer": {"class_name": "VarianceScaling", "config": {"scale": 1.0, "mode": "fan_avg", "distribution": "uniform", "seed": null}}, "bias_initializer": {"class_name": "Zeros", "config": {}}, "kernel_regularizer": null, "bias_regularizer": null, "activity_regularizer": null, "kernel_constraint": null, "bias_constraint": null}, "inbound_nodes": [[["main_input", 0, 0, {}]]]}, {"name": "activation_1", "class_name": "Activation", "config": {"name": "activation_1", "trainable": true, "activation": "relu"}, "inbound_nodes": [[["conv2d_1", 0, 0, {}]]]}, {"name": "activation_2", "class_name": "Activation", "config": {"name": "activation_2", "trainable": true, "activation": "relu"}, "inbound_nodes": [[["conv2d_2", 0, 0, {}]]]}, {"name": "activation_3", "class_name": "Activation", "config": {"name": "activation_3", "trainable": true, "activation": "relu"}, "inbound_nodes": [[["conv2d_3", 0, 0, {}]]]}, {"name": "activation_4", "class_name": "Activation", "config": {"name": "activation_4", "trainable": true, "activation": "relu"}, "inbound_nodes": [[["conv2d_4", 0, 0, {}]]]}, {"name": "concatenate_1", "class_name": "Concatenate", "config": {"name": "concatenate_1", "trainable": true, "axis": -1}, "inbound_nodes": [[["main_input", 0, 0, {}], ["activation_1", 0, 0, {}], ["activation_2", 0, 0, {}], ["activation_3", 0, 0, {}], ["activation_4", 0, 0, {}]]]}, {"name": "reshape_1", "class_name": "Reshape", "config": {"name": "reshape_1", "trainable": true, "target_shape": [24, 47]}, "inbound_nodes": [[["concatenate_1", 0, 0, {}]]]}, {"name": "bidirectional_1", "class_name": "Bidirectional", "config": {"name": "bidirectional_1", "trainable": true, "layer": {"class_name": "LSTM", "config": {"name": "LSTM_out", "trainable": true, "batch_input_shape": [null, 24, 47], "dtype": "float32", "return_sequences": true, "return_state": false, "go_backwards": false, "stateful": false, "unroll": false, "units": 15, "activation": "tanh", "recurrent_activation": "hard_sigmoid", "use_bias": true, "kernel_initializer": {"class_name": "VarianceScaling", "config": {"scale": 1.0, "mode": "fan_avg", "distribution": "uniform", "seed": null}}, "recurrent_initializer": {"class_name": "Orthogonal", "config": {"gain": 1.0, "seed": null}}, "bias_initializer": {"class_name": "Zeros", "config": {}}, "unit_forget_bias": true, "kernel_regularizer": null, "recurrent_regularizer": null, "bias_regularizer": null, "activity_regularizer": null, "kernel_constraint": null, "recurrent_constraint": null, "bias_constraint": null, "dropout": 0.0, "recurrent_dropout": 0.0, "implementation": 1}}, "merge_mode": "concat"}, "inbound_nodes": [[["reshape_1", 0, 0, {}]]]}, {"name": "flatten_1", "class_name": "Flatten", "config": {"name": "flatten_1", "trainable": true, "data_format": "channels_last"}, "inbound_nodes": [[["bidirectional_1", 0, 0, {}]]]}, {"name": "dense_1", "class_name": "Dense", "config": {"name": "dense_1", "trainable": true, "units": 80, "activation": "relu", "use_bias": true, "kernel_initializer": {"class_name": "VarianceScaling", "config": {"scale": 1.0, "mode": "fan_avg", "distribution": "uniform", "seed": null}}, "bias_initializer": {"class_name": "Zeros", "config": {}}, "kernel_regularizer": null, "bias_regularizer": null, "activity_regularizer": null, "kernel_constraint": null, "bias_constraint": null}, "inbound_nodes": [[["flatten_1", 0, 0, {}]]]}, {"name": "dense_2", "class_name": "Dense", "config": {"name": "dense_2", "trainable": true, "units": 20, "activation": "relu", "use_bias": true, "kernel_initializer": {"class_name": "VarianceScaling", "config": {"scale": 1.0, "mode": "fan_avg", "distribution": "uniform", "seed": null}}, "bias_initializer": {"class_name": "Zeros", "config": {}}, "kernel_regularizer": null, "bias_regularizer": null, "activity_regularizer": null, "kernel_constraint": null, "bias_constraint": null}, "inbound_nodes": [[["dense_1", 0, 0, {}]]]}, {"name": "dropout_1", "class_name": "Dropout", "config": {"name": "dropout_1", "trainable": true, "rate": 0.2, "noise_shape": null, "seed": null}, "inbound_nodes": [[["dense_2", 0, 0, {}]]]}, {"name": "main_output", "class_name": "Dense", "config": {"name": "main_output", "trainable": true, "units": 1, "activation": "sigmoid", "use_bias": true, "kernel_initializer": {"class_name": "VarianceScaling", "config": {"scale": 1.0, "mode": "fan_avg", "distribution": "uniform", "seed": null}}, "bias_initializer": {"class_name": "Zeros", "config": {}}, "kernel_regularizer": null, "bias_regularizer": null, "activity_regularizer": null, "kernel_constraint": null, "bias_constraint": null}, "inbound_nodes": [[["dropout_1", 0, 0, {}]]]}], "input_layers": [["main_input", 0, 0]], "output_layers": [["main_output", 0, 0]]}, "keras_version": "2.2.4", "backend": "tensorflow"}