{
  "nodes": [
    {
      "op": "null", 
      "name": "data", 
      "inputs": []
    }, 
    {
      "op": "null", 
      "name": "convolution5_weight", 
      "attr": {
        "kernel": "(4, 4)", 
        "num_filter": "50"
      }, 
      "inputs": []
    }, 
    {
      "op": "null", 
      "name": "convolution5_bias", 
      "attr": {
        "kernel": "(4, 4)", 
        "num_filter": "50"
      }, 
      "inputs": []
    }, 
    {
      "op": "Convolution", 
      "name": "convolution5", 
      "attr": {
        "kernel": "(4, 4)", 
        "num_filter": "50"
      }, 
      "inputs": [[0, 0, 0], [1, 0, 0], [2, 0, 0]]
    }, 
    {
      "op": "Activation", 
      "name": "activation10", 
      "attr": {"act_type": "relu"}, 
      "inputs": [[3, 0, 0]]
    }, 
    {
      "op": "Pooling", 
      "name": "pooling5", 
      "attr": {
        "kernel": "(2, 1)", 
        "pool_type": "max", 
        "stride": "(2, 1)"
      }, 
      "inputs": [[4, 0, 0]]
    }, 
    {
      "op": "Flatten", 
      "name": "flatten5", 
      "inputs": [[5, 0, 0]]
    }, 
    {
      "op": "null", 
      "name": "fullyconnected10_weight", 
      "attr": {"num_hidden": "500"}, 
      "inputs": []
    }, 
    {
      "op": "null", 
      "name": "fullyconnected10_bias", 
      "attr": {"num_hidden": "500"}, 
      "inputs": []
    }, 
    {
      "op": "FullyConnected", 
      "name": "fullyconnected10", 
      "attr": {"num_hidden": "500"}, 
      "inputs": [[6, 0, 0], [7, 0, 0], [8, 0, 0]]
    }, 
    {
      "op": "Activation", 
      "name": "activation11", 
      "attr": {"act_type": "relu"}, 
      "inputs": [[9, 0, 0]]
    }, 
    {
      "op": "null", 
      "name": "fullyconnected11_weight", 
      "attr": {"num_hidden": "1"}, 
      "inputs": []
    }, 
    {
      "op": "null", 
      "name": "fullyconnected11_bias", 
      "attr": {"num_hidden": "1"}, 
      "inputs": []
    }, 
    {
      "op": "FullyConnected", 
      "name": "fullyconnected11", 
      "attr": {"num_hidden": "1"}, 
      "inputs": [[10, 0, 0], [11, 0, 0], [12, 0, 0]]
    }, 
    {
      "op": "null", 
      "name": "linearregressionoutput5_label", 
      "inputs": []
    }, 
    {
      "op": "LinearRegressionOutput", 
      "name": "linearregressionoutput5", 
      "inputs": [[13, 0, 0], [14, 0, 0]]
    }
  ], 
  "arg_nodes": [0, 1, 2, 7, 8, 11, 12, 14], 
  "node_row_ptr": [
    0, 
    1, 
    2, 
    3, 
    4, 
    5, 
    6, 
    7, 
    8, 
    9, 
    10, 
    11, 
    12, 
    13, 
    14, 
    15, 
    16
  ], 
  "heads": [[15, 0, 0]], 
  "attrs": {"mxnet_version": ["int", 1001]}
}